URL,Last crawled
https://dhmguide.com/,2025-11-03
https://dhmguide.com/blog/dhm-dosage-guide-2025,2025-11-03
https://www.dhmguide.com/blog/dhm-dosage-guide-2025,2025-11-03
https://www.dhmguide.com/never-hungover/flyby-vs-toniiq-ease-complete-comparison-2025,2025-11-02
https://www.dhmguide.com/blog/dhm-depot-review-2025,2025-11-02
https://www.dhmguide.com/never-hungover/flyby-vs-good-morning-pills-complete-comparison-2025,2025-10-31
https://www.dhmguide.com/never-hungover/no-days-wasted-vs-cheers-restore-dhm-comparison-2025,2025-10-31
https://www.dhmguide.com/blog/when-to-take-dhm-timing-guide-2025,2025-10-30
https://www.dhmguide.com/blog/fuller-health-after-party-review-2025,2025-10-30
https://www.dhmguide.com/never-hungover/flyby-vs-cheers-complete-comparison-2025,2025-10-28
https://dhmguide.com/research,2025-10-27
https://www.dhmguide.com/never-hungover/no-days-wasted-vs-fuller-health-after-party-comparison-2025,2025-10-22
https://www.dhmguide.com/never-hungover/no-days-wasted-vs-dhm-depot-comparison-2025,2025-10-21
https://www.dhmguide.com/blog/consultant-client-site-success-2025,2025-10-21
https://www.dhmguide.com/blog/dhm1000-review-2025,2025-10-21
https://www.dhmguide.com/never-hungover/double-wood-vs-toniiq-ease-dhm-comparison-2025,2025-10-20
https://www.dhmguide.com/blog/international-business-success-2025,2025-10-20
https://dhmguide.com/reviews,2025-10-18
https://www.dhmguide.com/blog/longevity-biohacking-dhm-liver-protection,2025-10-18
https://www.dhmguide.com/blog/flyby-recovery-review-2025,2025-10-18
https://dhmguide.com/blog/heavy-drinking-maximum-protection-dhm-2025,2025-10-17
https://www.dhmguide.com/blog/heavy-drinking-maximum-protection-dhm-2025,2025-10-17
https://www.dhmguide.com/blog/how-to-get-over-hangover,2025-10-17
https://www.dhmguide.com/blog/dhm-japanese-raisin-tree-complete-guide,2025-10-17
https://www.dhmguide.com/blog/toniiq-ease-dhm-review-analysis,2025-10-17
https://www.dhmguide.com/blog/how-long-does-hangover-last,2025-10-17
https://www.dhmguide.com/blog/double-wood-dhm-review-analysis,2025-10-16
https://dhmguide.com/never-hungover/flyby-vs-dhm1000-complete-comparison-2025,2025-10-16
http://dhmguide.com/,2025-10-15
https://dhmguide.com/about,2025-10-14
https://dhmguide.com/guide,2025-10-11
https://www.dhmguide.com/blog/nusapure-dhm-review-analysis,2025-10-07
https://www.dhmguide.com/blog/dhm-randomized-controlled-trials-2024,2025-09-20
https://dhmguide.com/never-hungover/hangxiety-2025-dhm-prevents-post-drinking-anxiety,2025-09-19
https://www.dhmguide.com/never-hungover/hangxiety-2025-dhm-prevents-post-drinking-anxiety,2025-09-19
https://dhmguide.com/blog/dhm-science-explained,2025-09-09
https://www.dhmguide.com/blog/dhm-science-explained,2025-09-09
https://dhmguide.com/compare,2025-08-17
https://www.dhmguide.com/blog/summer-alcohol-consumption-dhm-safety-guide,2025-07-15
https://www.dhmguide.com/blog/no-days-wasted-dhm-review-analysis,2025-07-12
https://dhmguide.com/blog/liver-health-alcohol-supplements-dhm-2025,2025-07-06
https://www.dhmguide.com/blog/liver-health-alcohol-supplements-dhm-2025,2025-07-06
https://www.dhmguide.com/blog/how-to-cure-a-hangover-complete-science-guide,2025-07-02
https://www.dhmguide.com/blog/hangover-career-impact-dhm-solution-2025,2025-06-30
https://www.dhmguide.com/blog/gut-health-alcohol-microbiome-protection,2025-06-29
https://www.dhmguide.com/blog/client-entertainment-sales-mastery-2025,2025-06-29